{"cameraMode":{"drawMode":0,"name":"Shaded","section":"Shading Mode"},"sceneLighting":true,"audioPlay":false,"sceneViewState":{"showFog":true,"showMaterialUpdate":false,"showSkybox":true,"showFlares":true,"showImageEffects":true,"showParticleSystems":true},"in2DMode":false,"pivot":{"x":0.9207442998886108,"y":-90.10086059570313,"z":70.14739990234375},"rotation":{"x":-0.4419757127761841,"y":-0.006192398723214865,"z":0.003049628809094429,"w":-0.897005558013916},"size":129.33192443847657,"orthographic":false}